131	. what is a corporation?	A company is incorporated in a specific nation, often within the bounds of a smaller subset of that nation, such as a state or province. The corporation is then governed by the laws of incorporation in that state. A corporation may issue stock, either private or public, or may be classified as a non-stock corporation. If stock is issued, the corporation will usually be governed by its shareholders, either directly or indirectly.	0	0
131	. what is a corporation?	Today, there is a growing community of more than 2,100 Certified B Corps from 50 countries and over 130 industries working together toward 1 unifying goal: to redefine success in business. Join the Movement	0	1
131	. what is a corporation?	Corporation definition, an association of individuals, created by law or under authority of law, having a continuous existence independent of the existences of its members, and powers and liabilities distinct from those of its members. See more.	0	2
131	. what is a corporation?	Examples of corporation in a Sentence. 1  He works as a consultant for several large corporations. 2  a substantial corporation that showed that he was a sucker for all-you-can-eat buffets.	0	3
131	. what is a corporation?	1: a government-owned corporation (as a utility or railroad) engaged in a profit-making enterprise that may require the exercise of powers unique to government (as eminent domain) — called also government corporation, publicly held corporation	0	4
131	. what is a corporation?	McDonald's Corporation is one of the most recognizable corporations in the world. A corporation is a company or group of people authorized to act as a single entity (legally a person) and recognized as such in law. Early incorporated entities were established by charter (i.e. by an ad hoc act granted by a monarch or passed by a parliament or legislature).	1	5
131	. what is a corporation?	Corporations are owned by their stockholders (shareholders) who share in profits and losses generated through the firm's operations, and have three distinct characteristics (1) Legal existence: a firm can (like a person) buy, sell, own, enter into a contract, and sue other persons and firms, and be sued by them.	0	6
131	. what is a corporation?	An Association is an organized group of people who share in a common interest, activity, or purpose. 1  Start a business Plan your business. Create your business structure Types of business structures. 2  Change or update your business Add a new location to your existing business. Add an endorsement to your existing business.	0	7
131	. what is a corporation?	B Corp certification shines a light on the companies leading the global movement...	0	8
131	. what is a corporation?	LLCs offer greater flexibility when it comes to income taxes. 1  The owner or member of an LLC can have their income taxed in three ways: 2  A single owner LLC is treated as a Schedule C (sole proprietor) for tax purposes.	0	9
226969	symptoms of a dying mouse	This can be fatal quite quickly to mice. 1  It is caused by dusty sawdust (not wood shavings), dirty or damp conditions, unhygienic routine, or filthy bedding. The symptoms include: 2  laboured breathing. 3  shaking. 4  loss of appetite. 5  watery eyes. 6  fatigue. 7  sitting hunched over or lying down. ( 8 sometimes) hair loss.	0	0
226969	symptoms of a dying mouse	The symptoms of mites include: 1  excessive scratching (other than grooming) 2  fur loss. 3  loss of appetite. 4  raw or cut skin. 5  scabby skin. 6  mites visible in fur (back and ears are the most common places) 7  mouse appearing distressed. 8  mouse rubbing on toys. 9  aggressive behavior or other behavior changes. 10  looking to be picked up constantly.	0	1
226969	symptoms of a dying mouse	Symptoms of Dog and Cat Poisoning. The symptoms of a poisoned pet depend on the type of poison he or she is exposed to. Signs of illness may include the following: Gastrointestinal symptoms, including loss of appetite and vomiting, result from eating poisons like garbage or lead paint and from toxic plants, such as English ivy and English holly.	0	2
226969	symptoms of a dying mouse	The symptoms of mites include: excessive scratching (other than grooming) fur loss. loss of appetite. raw or cut skin. scabby skin. mites visible in fur (back and ears are the most common places) mouse appearing distressed.	0	3
226969	symptoms of a dying mouse	Seizures and neurologic symptoms are caused by several poisons including strychnine, tobacco, aspirin, antidepressants, alcohol, marijuana, flea repellents, insecticides, gasoline, drain cleaners, dishwasher detergent, and furniture polish.	0	4
226969	symptoms of a dying mouse	The symptoms are similar but the mouse will be in much worse condition: runny eyes; sneezing; wheezing; shaking; fluctuating body temperature; tiredness; loss of appetite; dull coat; If these symptoms persist or worsen, or the mouse becomes limp and struggles to walk, then the mouse must go to the vet's or it could die. To prevent influenza, do not touch your pet if you have flu, as mice catch it from humans.	1	5
226969	symptoms of a dying mouse	The symptoms are similar but the mouse will be in much worse condition: 1  runny eyes. 2  sneezing. 3  wheezing. 4  shaking. 5  fluctuating body temperature. 6  tiredness. 7  loss of appetite. 8  dull coat.	0	6
226969	symptoms of a dying mouse	Depending on the poison ingested, a poisoned dog or cat can have gastrointestinal, neurologic, heart, liver, and kidney symptoms. Signs of illness include vomiting, diarrhea, bruising, and irregular heartbeat.	0	7
226969	symptoms of a dying mouse	Some plants also cause neurologic symptoms, including horse chestnuts and buckeyes. Bleeding and anemia from poisoning. Bruising, nosebleeds, blood in the stool, and anemia are caused by rat and mouse poisons. Excessive amounts of onions and garlic, sweet clover, and bracken fern also cause anemia and possible death. Heart symptoms from poisoning	0	8
226969	symptoms of a dying mouse	She described symptoms caused by permethrin: drooling (ptylism), staggering, vomiting, and depression. The family thought their cat had these symptoms. Next, the technician told the family that the dip had to be removed immediately because permethrin can cause seizures and death in cats.	0	9
18122	average number of lightning strikes per day	Lightning is a major cause of storm related deaths in the U.S. A lightning strike can result in a cardiac arrest (heart stopping) at the time of the injury, although some victims may appear to have a delayed death a few days later if they are resuscitated but have suffered irreversible brain damage.	0	0
18122	average number of lightning strikes per day	Quick Answer. Lightning strikes reach the ground on Earth as much as 8 million times per day or 100 times per second, according to the National Severe Storms Laboratory. Out of all the lightning strikes in the world, the United States accounts for about 20 million of the total number of lightning strikes each year. Keep Learning.	0	1
18122	average number of lightning strikes per day	An average lightning strike discharges about 30,000 amperes (20,000 amperes in the UK). The current in a lightning strike typically ranges from 5,000 to 50,000 amperes depending on the strength of storm. NASA has recorded strikes of 100,000 amperes and there are other reports of strikes over 200,000 amperes.	0	2
18122	average number of lightning strikes per day	Lightning fatalities in the U.S.: A map of total lightning fatalities in the United States between 1959 and 2013. With 471 deaths, Florida has more than double the number of fatalities of any other state.	0	3
18122	average number of lightning strikes per day	Lightning is a sudden high-voltage discharge of electricity that occurs within a cloud, between clouds, or between a cloud and the ground. Globally, there are about 40 to 50 flashes of lightning every second, or nearly 1.4 billion flashes per year.	0	4
18122	average number of lightning strikes per day	Although many lightning flashes are simply cloud-to-cloud, there are as many as 9,000,000 reported lightning strikes that damage buildings, trees, and other objects every year. Worldwide, it is estimated that of an annual 1.4 billion lightning bolts, 25% (more than 350 million) will strike the Earth's surface or objects on the surface. The vast majority of these strikes, however, occur in the tropics, and in unpopulated areas. 100 times per second; Lightning can strike over a thousand times in one storm. So, lightning strikes the earth over a million times a day. Globally, 8,640,000 lightning strikes per day.	1	5
18122	average number of lightning strikes per day	According to the NWS Storm Data, over the last 30 years (1986-2015) the U.S. has averaged 48 reported lightning fatalities per year. Only about 10% of people who are struck by lightning are killed, leaving 90% with various degrees of disability. More recently, in the last 10 years (2006-2015), the U.S. has averaged 31 lightning fatalities.	0	6
18122	average number of lightning strikes per day	Approximately 300,000 lightning strikes hit the ground in Britain each year with 30 percent of reported lightning strikes causing severe damage. Each year 30 to 60 people are recorded as being struck by lightning, 3 of whom, on average, die (14 in 1984 compared to 2 in 2005).	0	7
18122	average number of lightning strikes per day	Florida is also the state with the highest number of deaths from lightning strikes. Other states along the Gulf of Mexico coast, such as Alabama, Mississippi, Louisiana, and Texas, also have frequent lightning. Along the Atlantic coast, North Carolina and South Carolina have frequent lightning.	0	8
18122	average number of lightning strikes per day	There is estimated to be around 2,000 lightning storm active around the global at one time creating over 100 strikes per second. These thunderstorms generate a potential difference of 200,000 to 500,000 volts between the Earth’s surface and the ionosphere, with a fair weather current of about 2×10-12 amperes/meter2.	0	9
35300	can you burn your lawn with fertilizer	Verify the reason for the lawn burn. Grass will turn yellow due to an over application of high nitrogen fertilizer. The lawn will also turn yellow when it goes dormant in the fall. Rake the lawn to remove as much dead grass as possible. Remove several inches of soil if the herbicide was not a high nitrogen type.	0	0
35300	can you burn your lawn with fertilizer	These spots are generally caused by a buildup of nitrogen in the soil. Although nitrogen is required to make the lawn green, a lawn burn is a case of too much of a good thing. The nitrogen buildup may be caused by over-fertilizing your lawn, or it may be caused by urine deposits left by pets. No matter what the source of nitrogen burn marks, fixing the discolored lawn is relatively easy.	0	1
35300	can you burn your lawn with fertilizer	Position the sprinkler over the portion of overfertilized lawn. Turn on the sprinkler and allow it to run until the soil below the grass becomes fully saturated. Allow the water to drain down through the soil, carrying the excess fertilizer with it. Apply 1 inch of water per day for the next seven days.	0	2
35300	can you burn your lawn with fertilizer	When fertilizing start with a dry lawn. Using either a broadcast or drop spreader, apply one-half of the recommended amount in one direction then spread the remaining half at right angles to the first. After fertilizing, it is necessary to water your lawn to wash the material off the grass and into the soil.	0	3
35300	can you burn your lawn with fertilizer	Fertilizing Tips. Watering and mowing alone will not make a healthy lawn. It must be fertilized. We have included a starter fertilizer in the mixture applied, but it is only sufficient to supply enough nutrients for about 30 to 45 days. It is important for the development of a healthy lawn that a fertilization program be started at this time.	0	4
35300	can you burn your lawn with fertilizer	A yellow burned lawn is an eye sore that can only be fixed by reseeding all affected areas. The process of reseeding is time consuming but will be worth it once the lawn is in full vigor. The entire lawn does not have to be replaced if the burn is isolated to small areas. Simply remove only the damaged lawn and reseed.	0	5
35300	can you burn your lawn with fertilizer	Grass1950, the amount of fertilizer you would lose to outgassing in dry conditions is very small. If you don't water, the dew that forms overnight will dissolve some of the fertilizer and increase your chances for burn, especially with the amount the OP put down. I hope everything thing turns out OK for the OP, but to lessen the odds of damaging her lawn it would be much better to water in what was put down.	0	6
35300	can you burn your lawn with fertilizer	Rake up the dead grass blades in the fertilizer-burned areas. Remove the top 2 to 3 inches of soil in the cleared area with a shovel. Place the dead grass and soil in a wheelbarrow. Transport the removed material to a compost pile or trash bin and discard it.	0	7
35300	can you burn your lawn with fertilizer	Fertilizer burn is the result of over fertilizing plants or applying fertilizer to wet foliage. Fertilizer contains salts, which draw moisture out of plants. When you apply excess fertilizer to plants, the result is yellow or brown discoloration and root damage.	1	8
35300	can you burn your lawn with fertilizer	Preventing Fertilizer Burn. The good news is that fertilizer burn can be prevented. Here are some tips on preventing fertilizer burn on plants: Fertilize each plant according to its needs. You won’t get better results when you use more fertilizer and you run the risk of damaging or killing your plants.	0	9
90447	goch meaning	See the Goch surname, family crest & coat of arms. Free Search. Uncover the Goch surname history for the Welsh Origin. What is the history of the last name Goch?	0	0
90447	goch meaning	The name Goch is derived from the Welsh word coch, which means red. Goch was originally a nickname for a ruddy or red-complexioned person, which later became a hereditary surname. Goch Early Origins	1	1
90447	goch meaning	The name Goch is derived from the Welsh word coch, which means red.. Goch was originally a nickname for a ruddy or red-complexioned person, which later became a hereditary surname.	0	2
90447	goch meaning	This Slang page is designed to explain what the meaning of gooch is. The slang word / phrase / acronym gooch means... . Online Slang Dictionary. A list of slang words and phrases, idioms, jargon, acronyms, and abbreviations.	0	3
90447	goch meaning	Goch Spelling Variations. Compared to other ancient cultures found in the British Isles, the number of Welsh surnames are relatively few, but there are an inordinately large number of spelling variations.	0	4
90447	goch meaning	Link to this slang definition To link to this term in a web page or blog, insert the following. <a href=http://onlineslangdictionary.com/meaning-definition-of/gooch>gooch</a>	0	5
90447	goch meaning	© 1999-2018 Urban Dictionary ® advertise terms of service privacy dmca remove help chat jobs	0	6
90447	goch meaning	The Goch Family Crest was acquired from the Houseofnames.com archives. The Goch Family Crest was drawn according to heraldic standards based on published blazons. We generally include the oldest published family crest once associated with each surname. This page was last modified on 9 May 2013 at 10:00.	0	7
90447	goch meaning	Link to this slang definition. To link to this term in a web page or blog, insert the following. <a href=http://onlineslangdictionary.com/meaning-definition-of/gooch>gooch</a> To link to this term in a wiki such as Wikipedia, insert the following. [http://onlineslangdictionary.com/meaning-definition-of/gooch gooch]	0	8
90447	goch meaning	Link to this slang definition. To link to this term in a web page or blog, insert the following. <a href=http://onlineslangdictionary.com/meaning-definition-of/gooch>gooch</a>. To link to this term in a wiki such as Wikipedia, insert the following. [http://onlineslangdictionary.com/meaning-definition-of/gooch gooch] Some wikis use a different format for links, so be sure to check the documentation. ← Previous - goob wad	0	9
226977	symptoms of a gastric ulcer in women	Pain from a gastric ulcer may occur shortly after you eat (when food is still in your stomach). Silent ulcers. Some ulcers don't cause symptoms. These are known as silent ulcers. Silent ulcers are more common in: Older adults. People who have diabetes. People who use nonsteroidal anti-inflammatory drugs (NSAIDs), including aspirin, ibuprofen (such as Advil), and naproxen (such as Aleve). Symptoms in children. In children, symptoms vary with age: Toddlers and young children may complain of general stomach pain. Teenagers may have symptoms more like those of adults.	0	0
226977	symptoms of a gastric ulcer in women	Here are ten very evident signs that you may be suffering from an ulcer…. ADVERTISEMENT. Pain in your abdomen, typically between the breastbone and belly button region, may follow a meal as the stomach empties. The pain will often come and go in waves of burning or stabbing pain.	0	1
226977	symptoms of a gastric ulcer in women	Stomach Ulcers in Women – Gender Specific Differences. Truth be told, there is not much difference between peptic ulcers in women versus those in men; symptoms, causes, and treatments are virtually the same. The only unusual thing about stomach ulcers across the genders is that men are actually about twice as likely to develop an ulcer as women.	0	2
226977	symptoms of a gastric ulcer in women	The signs and symptoms of a gastric ulcer are almost opposite to the signs and symptoms of duodenal ulcers - the main differences are noticed in the timing and severity of the pain. 1  Gastric ulcers generally cause a dull aching pain, often right after eating. 2  Making a meal can often cause an increase in pain.	0	3
226977	symptoms of a gastric ulcer in women	Peptic ulcers, or peptic ulcer disease (PUD) is a condition wherein ulcers are formed in the esophagus, stomach, and the duodenum lining. Esophagus is a muscular tube that carries the food and water we consume, to the stomach.	0	4
226977	symptoms of a gastric ulcer in women	Because of the risk associated with peptic ulcer complications, it is extremely important to pay attention to duodenal ulcer symptoms. Once identified, treatment can begin, and it varies depending upon what is causing the ulcers. If H. Pylori is the culprit, antibiotics are often employed.	0	5
226977	symptoms of a gastric ulcer in women	Peptic ulcer disease is characterized by sores, or ulcerations, in the lining tissues of the stomach or the duodenum, the first portion of the small intestine. Peptic ulcers can be caused by a number of conditions, including certain medications, excessive alcohol use, and other medical conditions.	0	6
226977	symptoms of a gastric ulcer in women	Pain from a stomach ulcer can travel, radiating to the back or chest. “If the ulcer has penetrated through the bowel wall, the pain can become more intense, longer in duration, and harder to alleviate,” says Ravella.	0	7
226977	symptoms of a gastric ulcer in women	Symptoms Of Stomach Ulcer In Women. stomach ulcer. A peptic ulcer, also known as ulcus pepticum, PUD or peptic ulcer disease, is an ulcer (defined as mucosal erosions equal to or greater than 0.5 cm) of an area of the gastrointestinal tract that is usually acidic and thus extremely painful.	1	8
226977	symptoms of a gastric ulcer in women	Besides pain, ulcers in women may sometimes show the following signs and symptoms: • Nausea and/or vomiting. • The presence of blood in stools which gives the feces a dark or tar-like color. • Changes or loss of appetite. • Changes in weight that may lead to inexplicable and unintended weight loss.	0	9
154713	how often can ativan be taken	Pdoc gave me ativan 0.5mg PRN. In the beginning, that was enough to make me feel fairly calm and sleepy. I took it rarely, like maybe 1 or 2 days/week. Over the last few months, I've been taking it more often, like 0.5mg 4-5 days/week. Pdoc knows and is perfectly fine with it.	0	0
154713	how often can ativan be taken	ativan, xanax, anxiety, generalized anxiety disorder, lorazepam. My Dr prescribed 1 mg of Lorazepam to help me on an upcoming flight from Atlanta to London (in 5 days). I have taken Xanax in the past, but never Lorazepam. I tried it last Sunday night at bedtime (a week ago), and within the hour, I was out like a light. I didn't wake up during the night like I always do; instead, I slept for a good 7 hours.	0	1
154713	how often can ativan be taken	And ain't none of us can say what it'll do to you. posted by Netzapper at 8:27 PM on August 11, 2010 [6 favorites] It is worth noting that Ativan comes in three tablet sizes -- .5 mg, 1 mg and 2 mg. To me this indicates that .5 mg is the very smallest dose and it's not unreasonable to take 1 mg.	0	2
154713	how often can ativan be taken	Ativan (lorazepam) leaves your system very quickly (wikipedia), so you are not likely to feel lasting effects tomorrow, as long as you're giving yourself overnight to sleep. I'd take the pill and not worry about it. posted by ella wren at 8:26 PM on August 11, 2010. Look, nobody here can answer the question for you.	0	3
154713	how often can ativan be taken	Trending Now. Answers. Best Answer: initial adult dose of lorazepam for anxiety is 1 mg from 2 to 3 times a day & while maintenance dose 1 to 2 mg from 2 to 3 times a day which means you should increase your dose , never mind the addiction man you will not addict you will take just 1 or 2 weeks only.	0	4
154713	how often can ativan be taken	The recommended starting dose of Ativan for anxiety treatment is Ativan 1 mg two to three times daily. For insomnia due to anxiety, the recommended starting dose is 2 mg to 4 mg once daily at bedtime. Elderly people may be more sensitive to the effects of Ativan.	0	5
154713	how often can ativan be taken	Posted August 18, 2011. I have ativan .5mg (which is the smallest dose you can get) as a PRN too. Some days I take none, some days I take 3 or 4. I'm Rx'd for 2/day. My pdoc knows I take it this way and is fine with it, but you don't want to take it in such a way that you're running out before you can get more.	0	6
154713	how often can ativan be taken	Lorazepam is a benzodiazepine. It is approved for the treatment of anxiety, status epilepticus (continuous seizures), and as a medication given right before anesthesia. However, benzodiazepines are also commonly used to treat difficulty sleeping and alcohol withdrawal.	0	7
154713	how often can ativan be taken	When starting lorazepam, anxiety or insomnia may improve rapidly or over a period of days. Benzodiazepines, such as lorazepam, are often used for short periods of time only. They may produce emotional and/or physical dependence (addiction) even when used as recommended. Only your healthcare provider can determine the length of treatment that is right for you.	0	8
154713	how often can ativan be taken	The recommended starting dosage of Ativan for anxiety treatment is 1 mg two to three times daily. When taking Ativan for insomnia due to anxiety, the recommended starting dose is 2 mg to 4 mg once daily at bedtime. Serious problems can occur if you take Ativan at higher dosages or for a longer period of time than your healthcare provider recommends.	1	9
139430	how many years did william bradford serve as governor of plymouth colony?	Added 2016-12-03 21:35:27 -0800 by Orville D Krause. 1  Collection: MyHeritage Family Trees. 2  Site name: Stockton Web Site. 3  Site manager: Douglas Stockton. 4  Birth: Before Mar 19 1589 - Austerfield, South Yorkshire, England, United Kingdom. 5  Death: May 9 1657 - Plymouth Colony, Plymouth, Massachusetts. 6  Parents: William Bradford, Alice Briggs (born Hanson)	0	0
139430	how many years did william bradford serve as governor of plymouth colony?	William Bradford (c.1590 – c.1657) was an English Separatist leader in Leiden, Holland and in Plymouth Colony. He emigrated to the New World on the Mayflower in 1620, signing the Mayflower Compact, and then serving as Plymouth Colony Governor five times covering about thirty years between 1621 and 1657.	0	1
139430	how many years did william bradford serve as governor of plymouth colony?	William Bradford. William Bradford was a Separatist and a Pilgrim who traveled from England to America on the Mayflower. He is credited with being the author of the Mayflower Compact and served as the governor of Plymouth Colony.	0	2
139430	how many years did william bradford serve as governor of plymouth colony?	1 William Bradford. 2  William Bradford is born in Austerfield, England. 3  Bradford's mother dies. 4  Bradford becomes a follower of Reverend Richard Clyfton. 5  King James I takes the throne in England. 6  The Separatists begin discussions about breaking away from the Church of England. 7  Bradford goes to Amsterdam.	0	3
139430	how many years did william bradford serve as governor of plymouth colony?	http://en.wikipedia.org/wiki/William_Bradford_(Plymouth_Colony_governor) William Bradford (c.1590 – 1657) was an English Separatist leader in Leiden, Holland and in Plymouth Colony was a signatory to the Mayflower Compact. He served as Plymouth Colony Governor five times covering about thirty years between 1621 and 1657.	1	4
139430	how many years did william bradford serve as governor of plymouth colony?	William Bradford. 1  Birth: on or before 19 March 1589/90 - Austerfield, Yorkshire, England. 2  Christened: 19 March 1589/90 - St. Helen's Chapel, Austerfield, Yorkshire, England. 3  Parents: William Bradford, Alice Hanson. 4  Spouses: Dorothy May, Alice Carpenter. 5  Death: 9 May 1657 - Plymouth, Plymouth, Massachusetts.	0	5
139430	how many years did william bradford serve as governor of plymouth colony?	Home > Timelines > William Bradford Timeline William Bradford Timeline Timeline Description: William Bradford was a Separatist and a Pilgrim who traveled from England to America on the Mayflower. He is credited with being the author of the Mayflower Compact and served as the governor of Plymouth Colony.	0	6
139430	how many years did william bradford serve as governor of plymouth colony?	Gov. William Bradford of Plymouth Colony, William Bradford lll, William Mayflower Bradford Birthdate: before March 19, 1589: Birthplace: Austerfield, Yorkshire, England: Death: May 9, 1657 Plymouth, Plymouth, Massachusetts Place of Burial: Plymouth, Plymouth, Massachusetts, United States Immediate Family:	0	7
139430	how many years did william bradford serve as governor of plymouth colony?	Added 2016-12-03 21:35:32 -0800 by Orville D Krause. 1  Collection: MyHeritage Family Trees. 2  Site name: Partch Web Site. 3  Site manager: Greg Partch. 4  Birth: Mar 0 1590 - Austerfield, Yorkshire, England. 5  Death: May 19 1657 - Plymouth Colony, Mass. 6  Parents: William (2) Bradford, Alice Bradford (born Gresham/hanson)	0	8
139430	how many years did william bradford serve as governor of plymouth colony?	He will serve as the governor of Plymouth for most of the remainder of his life. 1630: Bradford writes Of Plymouth Plantation. Bradford writes about the formation of the new Plymouth Colony and the people that lived there from 1621 to 1646 in Of Plymouth Colony. It was not published until 1656, the year before he died. May 9, 1657: Bradford dies in Plymouth.	0	9
57679	define preventive	Adjective[edit] preventive ‎(comparative more preventive, superlative most preventive) 1  Preventing, hindering, or acting as an obstacle to.  Carried out to deter military aggression.	1	0
57679	define preventive	All Marketplace plans must cover Essential Health Benefits. All Marketplace plans must cover Essential Health Benefits Regardless of whether you choose a Bronze, Silver, Gold or Platinum plan, certain essential health benefits must be covered and your ...	0	1
57679	define preventive	DEFINITION of 'Preventive Services'. Routine health care that includes check-ups, patient counseling and screenings to prevent illness, disease and other health-related problems.	0	2
57679	define preventive	BREAKING DOWN 'Preventive Services'. Preventive services are intended to help people remain healthy and to detect any health-related problems early while there is a better chance of recovery.	0	3
57679	define preventive	Preventive Maintenance (PM) Preventive maintenance (PM) is a fundamental, planned maintenance activity designed to improve equipment life and avoid any unplanned maintenance activity. This maintenance includes:	0	4
57679	define preventive	English[edit] preventive ‎(comparative more preventive, superlative most preventive) 1  Preventing, hindering, or acting as an obstacle to. 2  Carried out to deter military aggression.  Slowing the development of an illness; prophylactic.	0	5
57679	define preventive	Adjective[edit] preventive ‎(comparative more preventive, superlative most preventive) 1  Preventing, hindering, or acting as an obstacle to. 2  Carried out to deter military aggression.  Slowing the development of an illness; prophylactic.	0	6
57679	define preventive	Essential Health Benefits Under The Affordable Care Act. Under the Affordable Care Act, certain preventive health services and these 10 essential health benefits are the minimum requirements for many health insurance plans.	0	7
57679	define preventive	Definition - What does Preventive Maintenance (PM) mean? Preventive maintenance (PM) is a fundamental, planned maintenance activity designed to improve equipment life and avoid any unplanned maintenance activity. Preventive maintenance is the foundation of the entire maintenance strategy. Unless the PM program is effective, all subsequent maintenance strategies take longer to implement, incur higher costs, and have a higher probability of failure.	0	8
57679	define preventive	Adjective[edit] preventive ‎(comparative more preventive, superlative most preventive) Preventing, hindering, or acting as an obstacle to.	0	9
39439	causes of achalasia	Achalasia Causes & Symptoms. Causes of achalasia are not well understood. Factors such as viral or parasitic infections have been considered as potential causes. Dysphagia (difficulty swallowing)	0	0
39439	causes of achalasia	The cause of achalasia is unknown. Theories on causation invoke infection, heredity or an abnormality of the immune system that causes the body itself to damage the esophagus (autoimmune disease). The esophagus contains both muscles and nerves.	1	1
39439	causes of achalasia	The information provided in this report is not intended for diagnostic purposes. It is provided for informational purposes only. NORD recommends that affected individuals seek the advice or counsel of their own personal physicians. It is possible that the title of this topic is not the name you selected. This disease entry is based upon medical information available through the date at the end of the topic. Since NORD's resources are limited, it is not possible to keep every entry in the Rare Disease Database completely current and accurate.	0	2
39439	causes of achalasia	It is characterized by enlargement of the esophagus, impaired ability to push food down toward the stomach (peristalsis), and failure of the ring-shaped muscle at the bottom of the esophagus, the lower esophageal sphincter (LES), to relax.	0	3
39439	causes of achalasia	It is possible that the main title of the report Achalasia is not the name you expected. Please check the synonyms listing to find the alternate name(s) and disorder subdivision(s) covered by this report.	0	4
39439	causes of achalasia	1 Chest discomfort from esophageal dilation and/or retained food. 2  Sharp chest pain usually of unclear cause. 3  Heartburn; however, the heartburn is not characteristic of heartburn and is not helped by treatment for heartburn.  Loss of weight due to reduced intake of food.	0	5
39439	causes of achalasia	The symptoms of achalasia include: 1  Difficulty swallowing food. 2  Difficulty swallowing both solid and liquid food. 3  Regurgitation of food that is retained in the esophagus. 4  Chest discomfort from esophageal dilation and/or retained food.  Sharp chest pain usually of unclear cause.	0	6
39439	causes of achalasia	Achalasia: Introduction. Achalasia: A rare motor disorder of the esophagus characterized by inability of the lower esophageal sphincter and esophageal muscle to relax as well as dilation of the esophagus. More detailed information about the symptoms, causes, and treatments of Achalasia is available below. Click to Check.	0	7
39439	causes of achalasia	Early in achalasia, inflammation can be seen (when examined under the microscope) in the muscle of the lower esophagus, especially around the nerves. As the disease progresses, the nerves begin to degenerate and ultimately disappear, particularly the nerves that cause the lower esophageal sphincter to relax.	0	8
39439	causes of achalasia	A copy of the complete report can be downloaded free from the NORD website for registered users. The complete report contains additional information including symptoms, causes, affected population, related disorders, standard and investigational therapies (if available), and references from medical literature.	0	9
129474	how many days after ovulation can i tell i'm pregnant	Symptoms by Day Past Ovulation. Some women experience many signs and symptoms very early in pregnancy, while others experience very few or even none. If you think you may be pregnant, or hope you may be, review the most common symptoms for your day past ovulation below and compare your own symptoms. Select Your Day Past Ovulation (dpo)	0	0
129474	how many days after ovulation can i tell i'm pregnant	Generally speaking, ovulation usually occurs 14 days after the beginning of your menstrual cycle, (your menstrual period being day one) Your 'fertile' period would start 4-5 days prior to ovulation, as that is how long sperm can 'survive' to 24-48 hours after, as that is how long the egg 'survives'.	0	1
129474	how many days after ovulation can i tell i'm pregnant	How many weeks pregnant am I? and learn your baby's due date so you can start planning key milestones. Please enter a valid date. Start with the first day of one period and count right up to the day before the first day of your next period. Count the first day of bleeding or spotting as day one. The average cycle length is 28 days, but can range anywhere from 20 to 45 days.	0	2
129474	how many days after ovulation can i tell i'm pregnant	Your best chances are within the first 24 hours after ovulation, but there is still a small chance two days after. So, honestly, if your ovulation really did occur on the 18th then your chances aren't that great because you would be past that 24 hour window, but I wouldn't say its impossible.	0	3
129474	how many days after ovulation can i tell i'm pregnant	If you have a short cycle, for example 21 days, and you bleed for 7 days, then you could ovulate right after your period. This is because ovulation generally occurs 12-16 days before your next period begins, and this would estimate you ovulating at days 6-10 of your cycle.	0	4
129474	how many days after ovulation can i tell i'm pregnant	Symptoms by Day Past Ovulation. Some women experience many signs and symptoms very early in pregnancy, while others experience very few or even none. If you think you may be pregnant, or hope you may be, review the most common symptoms for your day past ovulation below and compare your own symptoms. after ovulation. after ovulation.	0	5
129474	how many days after ovulation can i tell i'm pregnant	If you were expecting ovulation to happen on the 28th or 29th, it is highly likely that this is day 14 of your cycle, approximately, and the intercourse took place very early on. Ovulation itself can be affected by many things (illness, stress etc) so I wouldn't necessarily assume that you are pregnant.	0	6
129474	how many days after ovulation can i tell i'm pregnant	Each woman and each pregnancy is different but there are many common early signs of pregnancy. While most women will not notice symptoms until 2 weeks after conception or later (after they miss their period), some women do experience symptoms as early as 6-10 days after conception.	1	7
129474	how many days after ovulation can i tell i'm pregnant	During my ovulation time, how many days am I really fertile? During your window of ovulation, an egg is only available to be fertilized for about 12-24 hours. But since sperm can live in the body for 3-5 days after sex, and the egg is available for one day, your most fertile time is considered to be about 5-7 days.	0	8
129474	how many days after ovulation can i tell i'm pregnant	Mom Answers. Yes it is possible to conceive 1-2 days after ovulation!! After your egg has been released (ovulation) there is a 12-24 hour period where the egg is available to get fertilized. generally after having sex, the sperm takes about 6 hours to make its way to the egg.	0	9
140245	how much are postage stamps right now	The idea was buy their group of stamps right now and that price will hold for ... The Forever stamp had previously cost 49 cents, but the Postal ... www.usatoday.com Cost of USPS Forever stamps to go up Sunday	0	0
140245	how much are postage stamps right now	Find out the current price of a first class United States stamp. Use the timeline to view postage rates from 1863 through today.	0	1
140245	how much are postage stamps right now	Price for first-class stamp rises to 49 cents. It's going to cost you a few pennies more to mail a letter. The cost of a first-class postage stamp is now 49 cents — 3 cents more than before. 1  Regulators approved the price hike in December, and it went into effect Sunday. 2  Many people won't feel the increase right away: Forever stamps are good for first-class postage at whatever the future rate.	1	2
140245	how much are postage stamps right now	Price of a Stamp. The current price of a first class stamp is 49 cents. A domestic first class letter (1 oz.) is 49 cents. The price of each additional ounce is 21 cents. It will cost you 34 cents to send a domestic postcard.	0	3
140245	how much are postage stamps right now	Price for first-class stamp rises to 49 cents It's going to cost you a few pennies more to mail a letter. The cost of a first-class postage stamp is now 49 cents — 3 cents more than before.	0	4
140245	how much are postage stamps right now	Regulators on Dec. 24, 2013, approved a price hike of 3 cents for a first-class stamp, bringing the charge to 49 cents a letter in an effort to help the Postal Service recover from severe mail decreases brought on after the 2008 economic downturn.	0	5
140245	how much are postage stamps right now	Prices for parcels with postage paid through Royal Mail Click & Drop, Royal Mail Online postage and online channels such as eBay, Amazon and PayPal are found in the Royal Mail online price guide. This handy guide contains online prices for Royal Mail's UK and International parcels including Standard, Signed and Guaranteed delivery services.	0	6
140245	how much are postage stamps right now	Please find below the current postage prices for Royal Mail products. We update our prices at key points in the year and let our customers know in advance. If you would like to see more information on how we have changed our prices recently please visit www.royalmail.com/prices2018. Personal customers and marketplace sellers prices. 1.	0	7
140245	how much are postage stamps right now	WASHINGTON (AP) — It's going to cost you a few pennies more to mail a letter. The cost of a first-class postage stamp is now 49 cents — 3 cents more than before. Regulators approved the price hike in December, and it went into effect Sunday. Many people won't feel the increase right away: Forever stamps are good for first-class postage at whatever the future rate.	0	8
140245	how much are postage stamps right now	Prices for stamped parcels, and those paid for over the counter at a Post Office are found in the Our prices guide. You can view or download a copy of this handy guide to our UK, International parcel and letter services, including Parcelforce Worldwide and Redirection products right now.	0	9
43477	color overlay photoshop	Changing color of shapes and layers in Elements is very easy with these few steps: First ensure there is no FX layer that is masking the color already. Sometimes when templates are made in Photoshop they will come with an option for color overlays that Elements does not have.	0	0
43477	color overlay photoshop	Home > Photo Retouch > Layer Blend Modes > The Overlay Blend Mode In Photoshop. We've looked at the Multiply blend mode which darkens images, great for restoring shadows and fixing overexposed photos. We've looked at the Screen blend mode which lightens images, perfect for brightening highlights and fixing underexposed photos. Next up in our look at the essential blend modes for photo editing in Photoshop is a blend mode that both multiplies dark areas and screens light areas at the same time, the Overlay mode.	0	1
43477	color overlay photoshop	This post is part of a series called Intro to Photoshop Layer Styles. How to Apply Gradient Overlays Using Layer Styles in Photoshop. How to Properly Add a Stroke Using Photoshop Layer Styles. Photoshop layer styles are a popular way to add effects, such as drop shadows and strokes, to layers in a non-destructive way. With the right knowledge and experience, any effect can be achieved.	0	2
43477	color overlay photoshop	How To Make Color Overlays In Elements. How To Make Color Overlays In Elements. First ensure there is no FX layer that is masking the color already. Sometimes when templates are made in Photoshop they will come with an option for color overlays that Elements does not have. You must place the FX option into the trash first before proceeding.	0	3
43477	color overlay photoshop	In this article, Part 10: How to Apply Pattern Overlays Using Photoshop Layer Styles, we will explain the settings behind Pattern Overlay and the ways it can be used to create different effects. Let's get started. Pattern Overlay is used, as the name implies, to add a pattern to a particular layer.	0	4
43477	color overlay photoshop	Photoshop: color overlay. In my sunlight touch up tutorial, I showed you how to add a hint of color to your photo while giving it an extra boost at the same time. However, sometimes a photo can benefit from a little color, but just doesn’t need that extra boost. Or even a minor light tweak. This simple color overlay is a great way to add a touch of color without making your photo look like you’ve edited the heck out of it. Or to add a little life to B&W photos. Note: this works the exact same way in Elements as it does in Photoshop.	1	5
43477	color overlay photoshop	Sleeklens Photoshop Overlays. Just as the name would suggest, our overlays for use with Adobe Photoshop are, essentially, a group of specific effects which have been prearranged to be quickly and easily applied over top of your images.	0	6
43477	color overlay photoshop	The Layer Styles Color Overlay Dialog Box. Color Overlay is probably the most self-explanatory effect within all of Photoshop Layer Styles. It has only 3 settings: Blend Mode, Color, and Opacity. Don't let its simplicity fool you. Color Overlay is one of the most useful and commonly used effects in every day design.	0	7
43477	color overlay photoshop	select Layer > Layer style. in the window click on color overlay and select colour, opacity and mode in the right side of the window. pls note that if you apply layer style in a layer and draw some more things in the same layer the newly added things also get that colour. Also many effects like gradient overlay, Pattern Overley, Mode in Layer pallete will not work.	0	8
43477	color overlay photoshop	In this article, Part 8: Photoshop Layer Styles Color Overlay, we will explain the (few) settings behind Color Overlay and the ways it can be used to create different effects.	0	9
227034	symptoms of air pollution exposure	Long-term exposure to polluted air can have permanent health effects such as: 1  Accelerated aging of the lungs. 2  Loss of lung capacity and decreased lung function. 3  Development of diseases such as asthma, bronchitis, emphysema, and possibly cancer. 4  Shortened life span.	0	0
227034	symptoms of air pollution exposure	Long-term exposure to particulate pollution can result in significant health problems including: 1  Increased respiratory symptoms, such as irritation of the airways, coughing or difficulty breathing. 2  Decreased lung function. 3  Aggravated asthma. 4  Development of chronic respiratory disease in children.	0	1
227034	symptoms of air pollution exposure	Short-term effects of air pollution on health. It is possible that very sensitive individuals may experience health effects even on Low air pollution days. Use the Daily Air Quality Index to understand air pollution levels and find out about recommended actions and health advice. The advice here applies to anyone experiencing symptoms. Short-term effects. Air pollution has a range of effects on health. However, air pollution in the UK on a day-to-day basis is not expected to rise to levels at which people need to make major changes to their habits to avoid exposure; Nobody need fear going outdoors, but they may experience some noticeable symptoms depending on which of the following population groups they are in:	0	2
227034	symptoms of air pollution exposure	Long-term exposure to particulate pollution can result in significant health problems including: Increased respiratory symptoms, such as irritation of the airways, coughing or difficulty breathing Decreased lung function	0	3
227034	symptoms of air pollution exposure	Long-term exposure to polluted air can have permanent health effects such as: Accelerated aging of the lungs; Loss of lung capacity and decreased lung function; Development of diseases such as asthma, bronchitis, emphysema, and possibly cancer; Shortened life span	0	4
227034	symptoms of air pollution exposure	Short-term exposure to particulate pollution can: Aggravate lung disease causing asthma attacks and acute bronchitis; Increase susceptibility to respiratory infections; Cause heart attacks and arrhythmias in people with heart disease; Even if you are healthy, you may experience temporary symptoms, such as: Irritation of the eyes, nose and throat; Coughing	0	5
227034	symptoms of air pollution exposure	Children with asthma may notice that they need to increase their use of reliever medication on days when levels of air pollution are higher than average. * Adults and children with heart or lung problems are at greater risk of symptoms. Follow your doctor's usual advice about exercising and managing your condition. It is possible that very sensitive individuals may experience health effects even on Low air pollution days. Anyone experiencing symptoms should follow the guidance provided.	0	6
227034	symptoms of air pollution exposure	Long-term exposure to polluted air can have permanent health effects such as: Accelerated aging of the lungs. Loss of lung capacity and decreased lung function. Development of diseases such as asthma, bronchitis, emphysema, and possibly cancer.	0	7
227034	symptoms of air pollution exposure	Your actual risk of adverse effects depends on your current health status, the pollutant type and concentration, and the length of your exposure to the polluted air. High air pollution levels can cause immediate health problems including: 1  Aggravated cardiovascular and respiratory illness. 2  Added stress to heart and lungs, which must work harder to supply the body with oxygen. 3  Damaged cells in the respiratory system.	1	8
227034	symptoms of air pollution exposure	Exposure to such particles can affect both your lungs and your heart. Long-term exposure to particulate pollution can result in significant health problems including: Increased respiratory symptoms, such as irritation of the airways, coughing or difficulty breathing; Decreased lung function; Aggravated asthma	0	9
20991	average temperature cardiff wales	The climate station map shows around 300 stations across the UK for which 1981-2010 averages are available.	0	0
20991	average temperature cardiff wales	The BBC is not responsible for the content of external sites. Read more. This page is best viewed in an up-to-date web browser with style sheets (CSS) enabled. While you will be able to view the content of this page in your current browser, you will not be able to get the full visual experience. Please consider upgrading your browser software or enabling style sheets (CSS) if you are able to do so.	0	1
20991	average temperature cardiff wales	Today. A rather cloudy start to the day; perhaps with the odd patch of rain. Winds will ease through the morning and it will soon become dry and bright with sunny spells into the afternoon.	0	2
20991	average temperature cardiff wales	Over the course of the year typical wind speeds vary from 3 mph to 19 mph (light air to fresh breeze), rarely exceeding 31 mph (high wind). The highest average wind speed of 13 mph (moderate breeze) occurs around January 5, at which time the average daily maximum wind speed is 19 mph (fresh breeze).	0	3
20991	average temperature cardiff wales	Cardiff has a mild humid temperate climate with warm summers and no dry season. The area within 25 mi of this station is covered by croplands (47%), oceans and seas (38%), grasslands (10%), and built-up areas (5%).	1	4
20991	average temperature cardiff wales	This report describes the typical weather at the Cardiff International Airport (Cardiff, United Kingdom) weather station over the course of an average year. It is based on the historical records from 1974 to 2012.	0	5
20991	average temperature cardiff wales	Averages maps. These maps enable you to view maps of monthly, seasonal and annual averages for the UK or your selected region. The analyses are based on 1 km grid-point data sets which are derived from station data. UK maps are available for the averaging periods 1961-1990, 1971-2000 and 1981-2010.	0	6
20991	average temperature cardiff wales	The hottest day of the year is July 29, with an average high of 69A°69â f and low OF°55a. 55â f the cold season Lasts from november 20 to march 21 with an average daily high TEMPERATURE°Below. 50a 50â f the coldest day of The year, is february 19 with an AVERAGE°Low of 36a 36â F°And. high of 45a 45â f	0	7
20991	average temperature cardiff wales	The averages table shows the latest set of 30-year averages, covering the period 1981-2010, for the nearest / most similar climate station to your chosen location. The other tabs show averages tables for districts, regions and the UK, covering the periods 1961-1990, 1971-2000 and 1981-2010.	0	8
20991	average temperature cardiff wales	The daily average low (blue) and high (red) temperature with percentile bands (inner band from 25th to 75th percentile, outer band from 10th to 90th percentile). The warm season lasts from June 15 to September 13 with an average daily high temperature above 64A°64â. f	0	9
94054	highest paying subspecialty in orthopedics	This salary represents all orthopedic nurses, including those without advanced practice recognition, so this average is recognized as being skewed lower than what would typically be expected for nurse practitioners and clinical nurse specialists with an orthopedic subspecialty.	0	0
94054	highest paying subspecialty in orthopedics	5 Statistics on Orthopedic Surgeon Income by Subspecialty Written by Heather Linder | December 19, 2013 | Print | Email Recent figures from the American Medical Group Association broke down median salaries for orthopedic surgeons based on subspecialty, according to a Houston Chronicle report. Here are five statistics on orthopedic surgeons' income.	0	1
94054	highest paying subspecialty in orthopedics	The Musculoskeletal Clinic at the Medical College of Wisconsin Department of Orthopaedic Surgery offers initial evaluation of all musculoskeletal concerns. Sports Medicine Center The Medical College of Wisconsin's Sports Medicine Center provides evaluation and treatment of sports-related injuries for athletes, at all levels, in all sports.	0	2
94054	highest paying subspecialty in orthopedics	Private equity firms target orthopedics and ophthalmology — why? 12 trends in patient responsibility payments, up 29.4% since 2015; The CORE Institute, Banner Health JV on orthopedic ASC: 5 things to know; These 20 specialties are in the highest demand — Anesthesiology returns after 7 years off list	0	3
94054	highest paying subspecialty in orthopedics	Although orthopedics remains one of the most highly compensation specialties within medicine, the compensation of orthopedic and spine specialists varied widely in 2010, with various subspecialists earning more than others and practice location also contributing to differences, according to MGMA's	0	4
94054	highest paying subspecialty in orthopedics	A number of physicians in the Medical College of Wisconsin's Department of Orthopaedic Surgery are skilled in total joint reconstruction, revisions, and hip preservation, employing every state of the art technique available in the field, including allografts.	0	5
94054	highest paying subspecialty in orthopedics	In 2009, hip and joint surgeons made an average of $597,834, trauma orthopedic surgeons made an average annual salary of $592,563 and hand surgeons made $544,106. General orthopedic surgeons made an average annual salary of $524,259 and foot and ankle surgeons made $518,463. The average on-call rate for orthopedic surgeons was $958.	0	6
94054	highest paying subspecialty in orthopedics	The foot and ankle surgery division of the Medical College of Wisconsin's Department of Orthopaedic Surgery provides evaluation and treatment for patients with traumatic, occupational and athletic injuries, rheumatoid and degenerative arthritis, acquired and congenital deformities, neuromuscular diseases, and foot problems associated with diabetes.	0	7
94054	highest paying subspecialty in orthopedics	Orthopedic spine surgeons were compensated more than other orthopedic specialties. Spine surgeons were the most highly compensated orthopedic specialists last year, making an average annual salary of $710,055 while sports medicine physicians were second, making an average of $653,642.	1	8
94054	highest paying subspecialty in orthopedics	General orthopedic surgeons who practice at multi-specialty practices earn an average of $475,403 annually, which is more than general orthopedic surgeons who work at single-specialty practices. The highest compensated region for general orthopedic surgeons was the Midwest, where they were compensated at $536,371 on average annually, which is $12,121 more than the national average ($524,250).	0	9
3165	____________________ is considered the father of modern medicine.	Hippocrates is widely considered to be the Father of Medicine. His contributions revolutionized the practice of medicine; but after his death the advancement stalled.	0	0
3165	____________________ is considered the father of modern medicine.	Many of the invaluable lessons prescribed in that place of learning are assigned to Hippocrates. If that was the case, then it truly was Hippocrates, with his approach to healing and the role of the doctor, that influenced western medicine for thousands of years.	0	1
3165	____________________ is considered the father of modern medicine.	Despite this, Hippocrates is attributed with a great many wonderful deeds and thoughts. He is recognised as the founder of the Hippocratic School of Medicine, a college that revolutionized the understanding of medicine in Ancient Greece.	0	2
3165	____________________ is considered the father of modern medicine.	At least that is what we’d like to think. While his fame was such to warrant a mention from the likes of Plato and Aristotle, not much is actually known about Hippocrates the father of Medicine. Consequently, he has become the projection of what people ideally want in a physician.	0	3
3165	____________________ is considered the father of modern medicine.	460 – c. 370 BC) was a Greek physician of the Age of Pericles (Classical Greece), and is considered one of the most outstanding figures in the history of medicine.	0	4
3165	____________________ is considered the father of modern medicine.	TRUE. Hippocrates is considered the father of modern medicine because he did not believe that illness was a punishment inflicted by the gods. True False. Weegy: TRUE. [ 	1	5
3165	____________________ is considered the father of modern medicine.	The two sons of Hippocrates, Thessalus and Draco, and his son-in-law, Polybus, were his students. According to Galen, a later physician, Polybus was Hippocrates' true successor, while Thessalus and Draco each had a son named Hippocrates.	0	6
3165	____________________ is considered the father of modern medicine.	Hippocrates is mentioned in passing in the writings of two contemporaries: Plato, in Protagoras and Phaedrus, and, Aristotle 's Politics, which date from the 4th century BC. Soranus wrote that Hippocrates' father was Heraclides, a physician, and his mother was Praxitela, daughter of Tizane.	0	7
3165	____________________ is considered the father of modern medicine.	Reload the page to try again! Press Cmd-0 to reset your zoom. Press Ctrl-0 to reset your zoom. It looks like your browser might be zoomed in or out. Your browser needs to be zoomed to a normal size to record audio.	0	8
3165	____________________ is considered the father of modern medicine.	However, the achievements of the writers of the Corpus, the practitioners of Hippocratic medicine, and the actions of Hippocrates himself were often commingled; thus very little is known about what Hippocrates actually thought, wrote, and did.	0	9
80363	does xpress bet charge to deposit money in your account	How long does it take to sign up? It only takes a few minutes to sign up. Funds must be deposited to your account before you can begin to wager and initial deposits must be a minimum of $10.00 in all states and jurisdictions, with the exception of Massachusetts, where the initial deposit must be $25.00.ou will also receive an email when one of those Friends deposits and wagers more than $100 within the first 30 days of signing up. Once one of your Friends wagers $100 within 30 days of signing up, you will receive an email that notifies you that your bonus has been deposited into your account.	0	0
80363	does xpress bet charge to deposit money in your account	1 Tell the cashier how much you want to deposit into your Xpressbet account and they will collect your funds plus the convenience fee (normally $3.99). 2  Keep your receipt as proof of payment. 3  Your funds will immediately be available in your Xpressbet account.ow to create a PaySlip using a printer: 1  Log In to your Xpressbet Account and click Deposit.. 2  Choose PayNearMe as your Deposit method. 3  Enter your email address and click Continue.. 4  Check your inbox for an email with additional instructions from PayNearMe.	0	1
80363	does xpress bet charge to deposit money in your account	1 Log In to your Xpressbet Account and click Deposit.. 2  Choose PayNearMe as your Deposit method. 3  Enter your email address and click Continue.. 4  Check your inbox for an email with additional instructions from PayNearMe. 5  Click on the link in the email to access your PayCode.ow to create a PaySlip using a printer: 1  Log In to your Xpressbet Account and click Deposit.. 2  Choose PayNearMe as your Deposit method. 3  Enter your email address and click Continue.. 4  Check your inbox for an email with additional instructions from PayNearMe.	0	2
80363	does xpress bet charge to deposit money in your account	1 Direct deposit of funds into your Xpressbet account with Xpressfund®, Green Dot @ the Register, PayNearMe, Neteller, cash, credit/debit card, check, wire transfer or money order (restrictions may apply).ou will also receive an email when one of those Friends deposits and wagers more than $100 within the first 30 days of signing up. Once one of your Friends wagers $100 within 30 days of signing up, you will receive an email that notifies you that your bonus has been deposited into your account.	0	3
80363	does xpress bet charge to deposit money in your account	How to create a PaySlip using a printer: 1  Log In to your Xpressbet Account and click Deposit.. 2  Choose PayNearMe as your Deposit method. 3  Enter your email address and click Continue.. 4  Check your inbox for an email with additional instructions from PayNearMe.5  Click on the link in the email to access your PayCode. 6  Click Print to print your 7  ... Takow to create a PaySlip using a printer: 1  Log In to your Xpressbet Account and click Deposit.. 2  Choose PayNearMe as your Deposit method. 3  Enter your email address and click Continue.. 4  Check your inbox for an email with additional instructions from PayNearMe.	1	4
80363	does xpress bet charge to deposit money in your account	How to create a PayCode on your Mobile Device: 1  Log In to your Xpressbet Account and click Deposit.. 2  Choose PayNearMe as your Deposit method. 3  Enter your mobile phone number and click Continue.. 4  Check your mobile phone for a text message from PayNearMe.*. 5  Click on the link in the text message to access your mobile PayCode. 6  Take the mobile 7  ... Youow to create a PaySlip using a printer: 1  Log In to your Xpressbet Account and click Deposit.. 2  Choose PayNearMe as your Deposit method. 3  Enter your email address and click Continue.. 4  Check your inbox for an email with additional instructions from PayNearMe.	0	5
80363	does xpress bet charge to deposit money in your account	Cost/Price Plans. There are no per wager fees charged by Xpressbet. They also give you the ability to wager for free online, make free deposits, and have free withdrawals. Opening an account requires a minimum deposit of $10.00, unless you live in Massachusetts, where minimum deposits must be $25.00.You can fund your account using Credit and Debit cards, Check and Money Order, Wire Transfer, Green Dot MoneyPak, or Xpressfund Electronic Funds Transfer.hey also give you the ability to wager for free online, make free deposits, and have free withdrawals. Opening an account requires a minimum deposit of $10.00, unless you live in Massachusetts, where minimum deposits must be $25.00.	0	6
80363	does xpress bet charge to deposit money in your account	Deposit checks 24/7. Take a photo of your check, make a deposit. You can deposit checks anytime with the U.S. Bank Mobile app. It’s as simple as snapping a photo, and it can save you a trip to the bank or ATM (and a little gas money, too).o be eligible for DepositPoint, you must be a U.S. Bank Online Banking customer with direct ownership in a U.S. Bank Checking or Savings account and have no more than two returned deposited items in the past three months. Deposit limits and other conditions may apply.	0	7
80363	does xpress bet charge to deposit money in your account	1 No membership, monthly, or per-wager fees. 2  Direct deposit of funds into your Xpressbet account with Xpressfund®, Green Dot @ the Register, PayNearMe, Neteller, cash, credit/debit card, check, wire transfer or money order (restrictions may apply).ou will also receive an email when one of those Friends deposits and wagers more than $100 within the first 30 days of signing up. Once one of your Friends wagers $100 within 30 days of signing up, you will receive an email that notifies you that your bonus has been deposited into your account.	0	8
80363	does xpress bet charge to deposit money in your account	Sending Money to a Bank Account. You can send money directly to your receiver's bank account through westernunion.com or from a participating Western Union agent location.Before you send money to a bank account, you'll need to know what information's required.You'll also want to know how long it'll take your money to get there.* Choose your receiver's country from the list below and we'll show you all the details you'll need to send money to their bank account.I am sending money to:ending Money to a Bank Account. You can send money directly to your receiver's bank account through westernunion.com or from a participating Western Union agent location.	0	9
104220	how far is faribault from winona?	Winona, Minnesota. Winona is a city in and the county seat of Winona County, in the state of Minnesota.[7] Located in picturesque bluff country on the Mississippi River, its most noticeable physical landmark is Sugar Loaf.	0	0
104220	how far is faribault from winona?	Winona's primary suburbs are Goodview, Stockton, Minnesota City and Rollingstone to the west, Homer to the southeast and Bluff Siding is 3 miles directly across the interstate bridge to the north and Fountain City to the north. Rochester is 44 miles to the west of Winona, La Crescent is 21 miles to the south, and La Crosse is 30 miles to the southeast.	0	1
104220	how far is faribault from winona?	Distance from Faribault, MN to Winona, MN is 95Miles or 154 Km. You can get this distance about 1 hour 49 mins. If you want to planning travel with plane for 82 Miles or 131 Km, You can get this distance about 40 mins . A car with an average MPG will needs 4.4 gallons of gas to get the route between these points. The estimated cost of gas to get between Faribault, MN and Winona, MN is $9.99. During the route, an average car will release 86.2 pounds of CO 2 to the atmosphere. Your carbon footprint is 0.91 pounds of CO 2 per mile.	1	2
104220	how far is faribault from winona?	Distance Between Faribault, MN and Winona, MN. How many miles? 95 Miles or 154 Km. How much does it take? 1 hour 49 mins	0	3
104220	how far is faribault from winona?	Distance, Gas Consumption and Emission Notes. Distance from Faribault, MN to Winona, MN is 95Miles or 154 Km. You can get this distance about 1 hour 47 mins. If you want to planning travel with plane for 82 Miles or 131 Km, You can get this distance about 40 mins .	0	4
104220	how far is faribault from winona?	The closest town to the halfway point is Waterville, MN, situated 17.04 miles from Faribault, MN and 13.58 miles from Madison Lake, MN. It would take 26 minutes to go from Faribault to Waterville and 21 minutes to go from Madison Lake to Waterville.	0	5
104220	how far is faribault from winona?	Winona, Minnesota. Winona is a city in and the county seat of Winona County, in the state of Minnesota. Located in picturesque bluff country on the Mississippi River, its most noticeable physical landmark is Sugar Loaf. The city is named after legendary figure Winona, said to have been the first-born daughter of Chief Wapasha III. The population was 27,592 at the 2010 census.	0	6
104220	how far is faribault from winona?	40 mins. Distance from Faribault, MN to Winona, MN is  95Miles or 154 Km. You can get this distance about 1 hour 47 mins. If you want to planning travel with plane for 82 Miles or 131 Km, You can get this distance about 40 mins .	0	7
104220	how far is faribault from winona?	Winona became the site of the first normal school west of the Mississippi in 1858 with the establishment of Winona Normal School (now Winona State University). This was the beginning of Winona's tradition as a center of higher education. Saint Mary's College (now Saint Mary's University) was founded as a private Catholic school in 1912.	0	8
104220	how far is faribault from winona?	There are 27.77 miles from Faribault to Madison Lake in southwest direction and 30 miles (48.28 kilometers) by car, following the MN 60 route. Faribault and Madison Lake are 45 minutes far apart, if you drive non-stop. This is the fastest route from Faribault, MN to Madison Lake, MN. The halfway point is Waterville, MN. Faribault, MN and Madison Lake, MN are in the same time zone (CDT). Current time in both locations is 8:33 am.	0	9
129819	how many days is an appraisal good for a fannie loan	New and Updated Underwriting and Eligibility Policies. Age of Credit Documents Selling Guide, B1-1-04, Allowable Age of Credit. Documents. The maximum age of credit documents is reduced from 120 days to 90 days for existing. construction and from 180 days to 120 days for new construction. Credit documents include. credit reports and employment, income, and asset documentation. The age of the documents is.	0	0
129819	how many days is an appraisal good for a fannie loan	In no case may the appraisal be dated more than 1 year prior to the date of the Note. Property Inspection Reports/Condition and Marketability Reports (Fannie Mae Form 2070/Freddie Mac Form. 2075 may be dated no earlier than 120 days from the date of the Note. Continued on next page.	1	1
129819	how many days is an appraisal good for a fannie loan	Fannie Mae will allow the use of an origination appraisal for a subsequent transaction if the following requirements are met: 1  The subsequent transaction may only be a Limited Cash-Out Refinance. 2  The appraisal report must not be more than 12 months old on the note date of the subsequent transaction.	0	2
129819	how many days is an appraisal good for a fannie loan	The subsequent transaction may only be a Limited Cash-Out Refinance. The appraisal report must not be more than 12 months old on the note date of the subsequent transaction. If the appraisal report is greater than 4 months old on the date of the note and mortgage, then an appraisal update is required.	0	3
129819	how many days is an appraisal good for a fannie loan	If they were sold with exposure to the market, listed in. MLS they should be considered. How long is the FHA case # good for (not the appraisal, but the actual case #)? the case number is valid for 6 months unless the appraiser expires prior to the 6 month time frame.	0	4
129819	how many days is an appraisal good for a fannie loan	No the borrower can only pay for one appraisal. Your question about Comps is not acceptable, Comps over 1 year old for comps 1-3 are not. acceptable, but supporting comps are with an adequate explanation from the Appraiser. Comps, over one year old would be acceptable, onlywith a waiver request by the lender.	0	5
129819	how many days is an appraisal good for a fannie loan	The appraisal may be dated no earlier than 120 days from the date of the Note, regardless of whether the. property was appraised as proposed or existing construction. When the appraisal will be more than 120 days old but less than 1 year old on the date of the Note, the.	0	6
129819	how many days is an appraisal good for a fannie loan	This inspection and results of the analysis must be reported on the Appraisal Update and/or Completion Report (Form 1004D). 1  If the appraiser indicates on the Form 1004D that the property value has declined, then the lender must obtain a new appraisal for the property.	0	7
129819	how many days is an appraisal good for a fannie loan	Unfortunately, that is a complete new order (and expense), as one year is a lifetime where property values are concerned. Thanks for the information, however I asked for the PMi to be removed just over 3 months after the appraisal. In fact, the manager at Nationstar said it was 91 days and not valid per Fannie Mae.	0	8
